list_name,name,label,area,species,smu,cu
cu_list,CM-01,FRASER CANYON,FRASER AND INTERIOR,Chum,FRASER CHUM SALMON,CM-01
cu_list,CM-02,LOWER FRASER,FRASER AND INTERIOR,Chum,FRASER CHUM SALMON,CM-02
cu_list,CK-9000,HATCHERY EXCLUSION-LOWER FRASER RIVER,FRASER AND INTERIOR,Chinook,FRASER FALL RUN 41 CHINOOK SALMON,CK-9000
cu_list,CK-03,LOWER FRASER RIVER_FA_0.3,FRASER AND INTERIOR,Chinook,FRASER FALL RUN 41 CHINOOK SALMON,CK-03
cu_list,PKO-01,FRASER RIVER,FRASER AND INTERIOR,Pink Odd,FRASER PINK SALMON - ODD,PKO-01
cu_list,SEL-06-14,TAKLA/TREMBLEUR-EARLY STUART TIMING,FRASER AND INTERIOR,Sockeye Lake Type ,FRASER SOCKEYE SALMON - EARLY STUART,SEL-06-14
cu_list,SEL-03-05,PITT-EARLY SUMMER TIMING,FRASER AND INTERIOR,Sockeye Lake Type ,FRASER SOCKEYE SALMON - EARLY SUMMER,SEL-03-05
cu_list,SEL-06-02,CHILKO-EARLY SUMMER TIMING,FRASER AND INTERIOR,Sockeye Lake Type ,FRASER SOCKEYE SALMON - EARLY SUMMER,SEL-06-02
cu_list,SEL-10-03,NORTH BARRIERE-EARLY SUMMER TIMING,FRASER AND INTERIOR,Sockeye Lake Type ,FRASER SOCKEYE SALMON - EARLY SUMMER,SEL-10-03
cu_list,SEL-09-02,SHUSWAP COMPLEX-EARLY SUMMER TIMING,FRASER AND INTERIOR,Sockeye Lake Type ,FRASER SOCKEYE SALMON - EARLY SUMMER,SEL-09-02
cu_list,SEL-07-01,BOWRON-EARLY SUMMER TIMING,FRASER AND INTERIOR,Sockeye Lake Type ,FRASER SOCKEYE SALMON - EARLY SUMMER,SEL-07-01
cu_list,SEL-06-20,NADINA/FRANCOIS-EARLY SUMMER TIMING,FRASER AND INTERIOR,Sockeye Lake Type ,FRASER SOCKEYE SALMON - EARLY SUMMER,SEL-06-20
cu_list,SEL-06-16,TASEKO-EARLY SUMMER TIMING,FRASER AND INTERIOR,Sockeye Lake Type ,FRASER SOCKEYE SALMON - EARLY SUMMER,SEL-06-16
cu_list,SEL-03-01,CHILLIWACK-EARLY SUMMER TIMING,FRASER AND INTERIOR,Sockeye Lake Type ,FRASER SOCKEYE SALMON - EARLY SUMMER,SEL-03-01
cu_list,SEL-07-02,INDIAN/KRUGER-EARLY SUMMER TIMING,FRASER AND INTERIOR,Sockeye Lake Type ,FRASER SOCKEYE SALMON - EARLY SUMMER,SEL-07-02
cu_list,SEL-06-04,FRANCOIS-EARLY SUMMER TIMING,FRASER AND INTERIOR,Sockeye Lake Type ,FRASER SOCKEYE SALMON - EARLY SUMMER,SEL-06-04
cu_list,SEL-06-01,ANDERSON/SETON-EARLY SUMMER TIMING,FRASER AND INTERIOR,Sockeye Lake Type ,FRASER SOCKEYE SALMON - EARLY SUMMER,SEL-06-01
cu_list,SEL-05-02,NAHATLATCH-EARLY SUMMER TIMING,FRASER AND INTERIOR,Sockeye Lake Type ,FRASER SOCKEYE SALMON - EARLY SUMMER,SEL-05-02
cu_list,SEL-03-04,HARRISON-UPSTREAM MIGRATING-LATE TIMING,FRASER AND INTERIOR,Sockeye Lake Type ,FRASER SOCKEYE SALMON - LATE,SEL-03-04
cu_list,SEL-03-02,CULTUS-LATE TIMING,FRASER AND INTERIOR,Sockeye Lake Type ,FRASER SOCKEYE SALMON - LATE,SEL-03-02
cu_list,SEL-03-03,HARRISON-DOWNSTREAM MIGRATING-LATE TIMING,FRASER AND INTERIOR,Sockeye Lake Type ,FRASER SOCKEYE SALMON - LATE,SEL-03-03
cu_list,SEL-04-01,LILLOOET/HARRISON-LATE TIMING,FRASER AND INTERIOR,Sockeye Lake Type ,FRASER SOCKEYE SALMON - LATE,SEL-04-01
cu_list,SEL-06-11,SETON-LATE TIMING,FRASER AND INTERIOR,Sockeye Lake Type ,FRASER SOCKEYE SALMON - LATE,SEL-06-11
cu_list,SEL-09-03,SHUSWAP COMPLEX-LATE TIMING,FRASER AND INTERIOR,Sockeye Lake Type ,FRASER SOCKEYE SALMON - LATE,SEL-09-03
cu_list,SEL-10-01,KAMLOOPS-EARLY SUMMER TIMING,FRASER AND INTERIOR,Sockeye Lake Type ,FRASER SOCKEYE SALMON - SUMMER,SEL-10-01
cu_list,SER-03,HARRISON RIVER,FRASER AND INTERIOR,Sockeye River Type ,FRASER SOCKEYE SALMON - SUMMER,SER-03
cu_list,SER-02,WIDGEON,FRASER AND INTERIOR,Sockeye River Type ,FRASER SOCKEYE SALMON - SUMMER,SER-02
cu_list,SEL-06-13,TAKLA/TREMBLEUR/STUART-SUMMER TIMING,FRASER AND INTERIOR,Sockeye Lake Type ,FRASER SOCKEYE SALMON - SUMMER,SEL-06-13
cu_list,SEL-06-10,QUESNEL-SUMMER TIMING,FRASER AND INTERIOR,Sockeye Lake Type ,FRASER SOCKEYE SALMON - SUMMER,SEL-06-10
cu_list,SEL-06-07,FRANCOIS/FRASER-SUMMER TIMING,FRASER AND INTERIOR,Sockeye Lake Type ,FRASER SOCKEYE SALMON - SUMMER,SEL-06-07
cu_list,SEL-06-03,CHILKO-SUMMER TIMING,FRASER AND INTERIOR,Sockeye Lake Type ,FRASER SOCKEYE SALMON - SUMMER,SEL-06-03
cu_list,CK-16,SOUTH THOMPSON-BESSETTE CREEK_SU_1.2,FRASER AND INTERIOR,Chinook,FRASER SPRING RUN 42 CHINOOK SALMON,CK-16
cu_list,CK-17,LOWER THOMPSON_SP_1.2,FRASER AND INTERIOR,Chinook,FRASER SPRING RUN 42 CHINOOK SALMON,CK-17
cu_list,CK-10,MIDDLE FRASER RIVER_SP_1.3,FRASER AND INTERIOR,Chinook,FRASER SPRING RUN 52 CHINOOK SALMON,CK-10
cu_list,CK-08,MIDDLE FRASER-FRASER CANYON_SP_1.3,FRASER AND INTERIOR,Chinook,FRASER SPRING RUN 52 CHINOOK SALMON,CK-08
cu_list,CK-04,LOWER FRASER RIVER_SP_1.3,FRASER AND INTERIOR,Chinook,FRASER SPRING RUN 52 CHINOOK SALMON,CK-04
cu_list,CK-18,NORTH THOMPSON_SP_1.3,FRASER AND INTERIOR,Chinook,FRASER SPRING RUN 52 CHINOOK SALMON,CK-18
cu_list,CK-12,UPPER FRASER RIVER_SP_1.3,FRASER AND INTERIOR,Chinook,FRASER SPRING RUN 52 CHINOOK SALMON,CK-12
cu_list,CK-82,UPPER ADAMS RIVER_SU_1.X,FRASER AND INTERIOR,Chinook,FRASER SUMMER RUN 41 CHINOOK SALMON,CK-82
cu_list,CK-15,SHUSWAP RIVER_SU_0.3,FRASER AND INTERIOR,Chinook,FRASER SUMMER RUN 41 CHINOOK SALMON,CK-15
cu_list,CK-13,SOUTH THOMPSON_SU_0.3,FRASER AND INTERIOR,Chinook,FRASER SUMMER RUN 41 CHINOOK SALMON,CK-13
cu_list,CK-07,MARIA SLOUGH_SU_0.3,FRASER AND INTERIOR,Chinook,FRASER SUMMER RUN 41 CHINOOK SALMON,CK-07
cu_list,CK-14,SOUTH THOMPSON_SU_1.3,FRASER AND INTERIOR,Chinook,FRASER SUMMER RUN 52 CHINOOK SALMON,CK-14
cu_list,CK-11,MIDDLE FRASER RIVER_SU_1.3,FRASER AND INTERIOR,Chinook,FRASER SUMMER RUN 52 CHINOOK SALMON,CK-11
cu_list,CK-19,NORTH THOMPSON_SU_1.3,FRASER AND INTERIOR,Chinook,FRASER SUMMER RUN 52 CHINOOK SALMON,CK-19
cu_list,CK-09,MIDDLE FRASER RIVER-PORTAGE_FA_1.3,FRASER AND INTERIOR,Chinook,FRASER SUMMER RUN 52 CHINOOK SALMON,CK-09
cu_list,CK-06,LOWER FRASER RIVER_SU_1.3,FRASER AND INTERIOR,Chinook,FRASER SUMMER RUN 52 CHINOOK SALMON,CK-06
cu_list,CK-05,LOWER FRASER RIVER-UPPER PITT_SU_1.3,FRASER AND INTERIOR,Chinook,FRASER SUMMER RUN 52 CHINOOK SALMON,CK-05
cu_list,CO-05,FRASER CANYON,FRASER AND INTERIOR,Coho,INTERIOR FRASER COHO SALMON,CO-05
cu_list,CO-08,SOUTH THOMPSON,FRASER AND INTERIOR,Coho,INTERIOR FRASER COHO SALMON,CO-08
cu_list,CO-07,LOWER THOMPSON,FRASER AND INTERIOR,Coho,INTERIOR FRASER COHO SALMON,CO-07
cu_list,CO-48,INTERIOR FRASER,FRASER AND INTERIOR,Coho,INTERIOR FRASER COHO SALMON,CO-48
cu_list,CO-09,NORTH THOMPSON,FRASER AND INTERIOR,Coho,INTERIOR FRASER COHO SALMON,CO-09
cu_list,CO-47,LOWER FRASER,FRASER AND INTERIOR,Coho,LOWER FRASER COHO SALMON,CO-47
cu_list,CO-04,LILLOOET,FRASER AND INTERIOR,Coho,LOWER FRASER COHO SALMON,CO-04
cu_list,CK-01,OKANAGAN_0.X,FRASER AND INTERIOR,Chinook,OKANAGAN CHINOOK SALMON,CK-01
cu_list,SEL-01-01,OSOYOOS-SKAHA-OKANAGAN,FRASER AND INTERIOR,Sockeye Lake Type ,OKANAGAN SOCKEYE SALMON,SEL-01-01
cu_list,CK-36,DOCEE,NORTH COAST,Chinook,CENTRAL COAST CHINOOK SALMON,CK-36
cu_list,CK-42,NORTH AND CENTRAL COAST-EARLY TIMING,NORTH COAST,Chinook,CENTRAL COAST CHINOOK SALMON,CK-42
cu_list,CK-40,DEAN RIVER,NORTH COAST,Chinook,CENTRAL COAST CHINOOK SALMON,CK-40
cu_list,CK-39,BELLA COOLA-BENTINCK,NORTH COAST,Chinook,CENTRAL COAST CHINOOK SALMON,CK-39
cu_list,CK-37,RIVERS INLET,NORTH COAST,Chinook,CENTRAL COAST CHINOOK SALMON,CK-37
cu_list,CK-57,PORTLAND SOUND-OBSERVATORY INLET-LOWER NASS,NORTH COAST,Chinook,CENTRAL COAST CHINOOK SALMON,CK-57
cu_list,CK-41,NORTH AND CENTRAL COAST-LATE TIMING,NORTH COAST,Chinook,CENTRAL COAST CHINOOK SALMON,CK-41
cu_list,CK-38,WANNOCK,NORTH COAST,Chinook,CENTRAL COAST CHINOOK SALMON,CK-38
cu_list,CM-12,SMITH INLET,NORTH COAST,Chum,CENTRAL COAST CHUM SALMON,CM-12
cu_list,CM-20,DOUGLAS-GARDNER,NORTH COAST,Chum,CENTRAL COAST CHUM SALMON,CM-20
cu_list,CM-19,MUSSEL-KYNOCH,NORTH COAST,Chum,CENTRAL COAST CHUM SALMON,CM-19
cu_list,CM-18,HECATE LOWLANDS,NORTH COAST,Chum,CENTRAL COAST CHUM SALMON,CM-18
cu_list,CM-16,BELLA COOLA-DEAN RIVERS,NORTH COAST,Chum,CENTRAL COAST CHUM SALMON,CM-16
cu_list,CM-15,SPILLER-FITZ HUGH-BURKE,NORTH COAST,Chum,CENTRAL COAST CHUM SALMON,CM-15
cu_list,CM-13,RIVERS INLET,NORTH COAST,Chum,CENTRAL COAST CHUM SALMON,CM-13
cu_list,CM-17,BELLA COOLA RIVER-LATE,NORTH COAST,Chum,CENTRAL COAST CHUM SALMON,CM-17
cu_list,CM-14,WANNOCK,NORTH COAST,Chum,CENTRAL COAST CHUM SALMON,CM-14
cu_list,CO-20,SMITH INLET,NORTH COAST,Coho,CENTRAL COAST COHO SALMON,CO-20
cu_list,CO-30,NORTHERN COASTAL STREAMS,NORTH COAST,Coho,CENTRAL COAST COHO SALMON,CO-30
cu_list,CO-28,BRIM-WAHOO,NORTH COAST,Coho,CENTRAL COAST COHO SALMON,CO-28
cu_list,CO-26,MUSSEL-KYNOCH,NORTH COAST,Coho,CENTRAL COAST COHO SALMON,CO-26
cu_list,CO-21,RIVERS INLET,NORTH COAST,Coho,CENTRAL COAST COHO SALMON,CO-21
cu_list,CO-29,DOUGLAS CHANNEL-KITIMAT ARM,NORTH COAST,Coho,CENTRAL COAST COHO SALMON,CO-29
cu_list,CO-27,HECATE STRAIT MAINLAND,NORTH COAST,Coho,CENTRAL COAST COHO SALMON,CO-27
cu_list,CO-22,BELLA COOLA-DEAN RIVERS,NORTH COAST,Coho,CENTRAL COAST COHO SALMON,CO-22
cu_list,PKE-06,HECATE STRAIT-FJORDS,NORTH COAST,Pink Even,CENTRAL COAST PINK SALMON,PKE-06
cu_list,PKO-13,HECATE STRAIT-FJORDS,NORTH COAST,Pink Odd,CENTRAL COAST PINK SALMON,PKO-13
cu_list,PKO-12,HECATE STRAIT-LOWLANDS,NORTH COAST,Pink Odd,CENTRAL COAST PINK SALMON,PKO-12
cu_list,PKE-05,HECATE LOWLANDS,NORTH COAST,Pink Even,CENTRAL COAST PINK SALMON,PKE-05
cu_list,PKO-08,HOMATHKO-KLINAKLINI-SMITH-RIVERS-BELLA COOLA-DEAN,NORTH COAST,Pink Odd,CENTRAL COAST PINK SALMON,PKO-08
cu_list,SEL-19-07,CARTWRIGHT CREEK,NORTH COAST,Sockeye Lake Type ,CENTRAL COAST SOCKEYE SALMON ,SEL-19-07
cu_list,SEL-18-09,PINE RIVER,NORTH COAST,Sockeye Lake Type ,CENTRAL COAST SOCKEYE SALMON ,SEL-18-09
cu_list,SEL-19-05,BORROWMAN CREEK,NORTH COAST,Sockeye Lake Type ,CENTRAL COAST SOCKEYE SALMON ,SEL-19-05
cu_list,SEL-19-02,BLOOMFIELD,NORTH COAST,Sockeye Lake Type ,CENTRAL COAST SOCKEYE SALMON ,SEL-19-02
cu_list,SEL-18-08,KITLOPE,NORTH COAST,Sockeye Lake Type ,CENTRAL COAST SOCKEYE SALMON ,SEL-18-08
cu_list,SEL-18-06,KIMSQUIT,NORTH COAST,Sockeye Lake Type ,CENTRAL COAST SOCKEYE SALMON ,SEL-18-06
cu_list,SEL-18-03,DOME,NORTH COAST,Sockeye Lake Type ,CENTRAL COAST SOCKEYE SALMON ,SEL-18-03
cu_list,SEL-19-70,YEO,NORTH COAST,Sockeye Lake Type ,CENTRAL COAST SOCKEYE SALMON ,SEL-19-70
cu_list,SEL-19-69,YAAKLELE LAGOON,NORTH COAST,Sockeye Lake Type ,CENTRAL COAST SOCKEYE SALMON ,SEL-19-69
cu_list,SEL-19-67,WATT BAY,NORTH COAST,Sockeye Lake Type ,CENTRAL COAST SOCKEYE SALMON ,SEL-19-67
cu_list,SEL-19-66,WALE CREEK,NORTH COAST,Sockeye Lake Type ,CENTRAL COAST SOCKEYE SALMON ,SEL-19-66
cu_list,SEL-19-64,TUNO CREEK WEST,NORTH COAST,Sockeye Lake Type ,CENTRAL COAST SOCKEYE SALMON ,SEL-19-64
cu_list,SEL-19-62,TSIMTACK/LAKES,NORTH COAST,Sockeye Lake Type ,CENTRAL COAST SOCKEYE SALMON ,SEL-19-62
cu_list,SEL-19-61,TRENEMAN CREEK,NORTH COAST,Sockeye Lake Type ,CENTRAL COAST SOCKEYE SALMON ,SEL-19-61
cu_list,SEL-19-59,TALAMOOSA CREEK,NORTH COAST,Sockeye Lake Type ,CENTRAL COAST SOCKEYE SALMON ,SEL-19-59
cu_list,SEL-19-58,STANNARD CREEK,NORTH COAST,Sockeye Lake Type ,CENTRAL COAST SOCKEYE SALMON ,SEL-19-58
cu_list,SEL-19-56,SHIP POINT CREEK,NORTH COAST,Sockeye Lake Type ,CENTRAL COAST SOCKEYE SALMON ,SEL-19-56
cu_list,SEL-19-53,SCOULAR/KILPATRICK,NORTH COAST,Sockeye Lake Type ,CENTRAL COAST SOCKEYE SALMON ,SEL-19-53
cu_list,SEL-19-51,RYAN CREEK,NORTH COAST,Sockeye Lake Type ,CENTRAL COAST SOCKEYE SALMON ,SEL-19-51
cu_list,SEL-19-48,PRICE CREEK,NORTH COAST,Sockeye Lake Type ,CENTRAL COAST SOCKEYE SALMON ,SEL-19-48
cu_list,SEL-19-46,PORT JOHN,NORTH COAST,Sockeye Lake Type ,CENTRAL COAST SOCKEYE SALMON ,SEL-19-46
cu_list,SEL-19-45,NAMU,NORTH COAST,Sockeye Lake Type ,CENTRAL COAST SOCKEYE SALMON ,SEL-19-45
cu_list,SEL-19-43,MIKADO,NORTH COAST,Sockeye Lake Type ,CENTRAL COAST SOCKEYE SALMON ,SEL-19-43
cu_list,SEL-19-41,MCDONALD CREEK,NORTH COAST,Sockeye Lake Type ,CENTRAL COAST SOCKEYE SALMON ,SEL-19-41
cu_list,SEL-19-40,MARY COVE CREEK,NORTH COAST,Sockeye Lake Type ,CENTRAL COAST SOCKEYE SALMON ,SEL-19-40
cu_list,SEL-19-38,LIMESTONE CREEK,NORTH COAST,Sockeye Lake Type ,CENTRAL COAST SOCKEYE SALMON ,SEL-19-38
cu_list,SEL-19-36,KWAKWA CREEK,NORTH COAST,Sockeye Lake Type ,CENTRAL COAST SOCKEYE SALMON ,SEL-19-36
cu_list,SEL-19-35,KUNSOOT RIVER,NORTH COAST,Sockeye Lake Type ,CENTRAL COAST SOCKEYE SALMON ,SEL-19-35
cu_list,SEL-19-33,KOEYE,NORTH COAST,Sockeye Lake Type ,CENTRAL COAST SOCKEYE SALMON ,SEL-19-33
cu_list,SEL-19-32,KISAMEET,NORTH COAST,Sockeye Lake Type ,CENTRAL COAST SOCKEYE SALMON ,SEL-19-32
cu_list,SEL-19-30,KILDIDT CREEK,NORTH COAST,Sockeye Lake Type ,CENTRAL COAST SOCKEYE SALMON ,SEL-19-30
cu_list,SEL-19-29,KESWAR CREEK,NORTH COAST,Sockeye Lake Type ,CENTRAL COAST SOCKEYE SALMON ,SEL-19-29
cu_list,SEL-19-27,KENT INLET LAGOON CREEK,NORTH COAST,Sockeye Lake Type ,CENTRAL COAST SOCKEYE SALMON ,SEL-19-27
cu_list,SEL-19-25,KDELMASHAN CREEK,NORTH COAST,Sockeye Lake Type ,CENTRAL COAST SOCKEYE SALMON ,SEL-19-25
cu_list,SEL-19-24,KADJUSDIS RIVER,NORTH COAST,Sockeye Lake Type ,CENTRAL COAST SOCKEYE SALMON ,SEL-19-24
cu_list,SEL-19-22,HEVENOR INLET,NORTH COAST,Sockeye Lake Type ,CENTRAL COAST SOCKEYE SALMON ,SEL-19-22
cu_list,SEL-19-20,FREEDA/BRODIE,NORTH COAST,Sockeye Lake Type ,CENTRAL COAST SOCKEYE SALMON ,SEL-19-20
cu_list,SEL-19-19,EVINRUDE INLET,NORTH COAST,Sockeye Lake Type ,CENTRAL COAST SOCKEYE SALMON ,SEL-19-19
cu_list,SEL-19-17,ELSIE/HOY,NORTH COAST,Sockeye Lake Type ,CENTRAL COAST SOCKEYE SALMON ,SEL-19-17
cu_list,SEL-19-16,ELIZABETH,NORTH COAST,Sockeye Lake Type ,CENTRAL COAST SOCKEYE SALMON ,SEL-19-16
cu_list,SEL-19-14,DEVON,NORTH COAST,Sockeye Lake Type ,CENTRAL COAST SOCKEYE SALMON ,SEL-19-14
cu_list,SEL-19-13,DEER,NORTH COAST,Sockeye Lake Type ,CENTRAL COAST SOCKEYE SALMON ,SEL-19-13
cu_list,SEL-19-06,BUSEY CREEK,NORTH COAST,Sockeye Lake Type ,CENTRAL COAST SOCKEYE SALMON ,SEL-19-06
cu_list,SEL-19-04,BONILLA,NORTH COAST,Sockeye Lake Type ,CENTRAL COAST SOCKEYE SALMON ,SEL-19-04
cu_list,SEL-19-03,BOLTON CREEK,NORTH COAST,Sockeye Lake Type ,CENTRAL COAST SOCKEYE SALMON ,SEL-19-03
cu_list,SEL-19-01,BANKS,NORTH COAST,Sockeye Lake Type ,CENTRAL COAST SOCKEYE SALMON ,SEL-19-01
cu_list,SEL-18-11,WHALEN,NORTH COAST,Sockeye Lake Type ,CENTRAL COAST SOCKEYE SALMON ,SEL-18-11
cu_list,SEL-18-07,KITKIATA,NORTH COAST,Sockeye Lake Type ,CENTRAL COAST SOCKEYE SALMON ,SEL-18-07
cu_list,SEL-18-05,KAINET CREEK,NORTH COAST,Sockeye Lake Type ,CENTRAL COAST SOCKEYE SALMON ,SEL-18-05
cu_list,SEL-18-04,EVELYN,NORTH COAST,Sockeye Lake Type ,CENTRAL COAST SOCKEYE SALMON ,SEL-18-04
cu_list,SEL-18-02,CANOONA,NORTH COAST,Sockeye Lake Type ,CENTRAL COAST SOCKEYE SALMON ,SEL-18-02
cu_list,SEL-18-01,BACKLAND,NORTH COAST,Sockeye Lake Type ,CENTRAL COAST SOCKEYE SALMON ,SEL-18-01
cu_list,SEL-19-71,SOCKEYE CREEK,NORTH COAST,Sockeye Lake Type ,CENTRAL COAST SOCKEYE SALMON ,SEL-19-71
cu_list,SEL-19-68,WEST CREEK,NORTH COAST,Sockeye Lake Type ,CENTRAL COAST SOCKEYE SALMON ,SEL-19-68
cu_list,SEL-19-65,TYLER CREEK,NORTH COAST,Sockeye Lake Type ,CENTRAL COAST SOCKEYE SALMON ,SEL-19-65
cu_list,SEL-19-63,TUNO CREEK EAST,NORTH COAST,Sockeye Lake Type ,CENTRAL COAST SOCKEYE SALMON ,SEL-19-63
cu_list,SEL-19-60,TANKEEAH RIVER,NORTH COAST,Sockeye Lake Type ,CENTRAL COAST SOCKEYE SALMON ,SEL-19-60
cu_list,SEL-19-57,SPENCER CREEK,NORTH COAST,Sockeye Lake Type ,CENTRAL COAST SOCKEYE SALMON ,SEL-19-57
cu_list,SEL-19-55,SHENEEZA INLET,NORTH COAST,Sockeye Lake Type ,CENTRAL COAST SOCKEYE SALMON ,SEL-19-55
cu_list,SEL-19-52,SALTER,NORTH COAST,Sockeye Lake Type ,CENTRAL COAST SOCKEYE SALMON ,SEL-19-52
cu_list,SEL-19-50,RODERICK,NORTH COAST,Sockeye Lake Type ,CENTRAL COAST SOCKEYE SALMON ,SEL-19-50
cu_list,SEL-19-47,POWLES CREEK,NORTH COAST,Sockeye Lake Type ,CENTRAL COAST SOCKEYE SALMON ,SEL-19-47
cu_list,SEL-19-44,MONCKTON INLET CREEK,NORTH COAST,Sockeye Lake Type ,CENTRAL COAST SOCKEYE SALMON ,SEL-19-44
cu_list,SEL-19-42,MCLOUGHLIN,NORTH COAST,Sockeye Lake Type ,CENTRAL COAST SOCKEYE SALMON ,SEL-19-42
cu_list,SEL-19-39,LOWE/SIMPSON/WEARE,NORTH COAST,Sockeye Lake Type ,CENTRAL COAST SOCKEYE SALMON ,SEL-19-39
cu_list,SEL-19-37,LEWIS CREEK,NORTH COAST,Sockeye Lake Type ,CENTRAL COAST SOCKEYE SALMON ,SEL-19-37
cu_list,SEL-19-34,KOORYET,NORTH COAST,Sockeye Lake Type ,CENTRAL COAST SOCKEYE SALMON ,SEL-19-34
cu_list,SEL-19-31,KILDIDT LAGOON CREEK,NORTH COAST,Sockeye Lake Type ,CENTRAL COAST SOCKEYE SALMON ,SEL-19-31
cu_list,SEL-19-28,KENZUWASH CREEKS,NORTH COAST,Sockeye Lake Type ,CENTRAL COAST SOCKEYE SALMON ,SEL-19-28
cu_list,SEL-19-26,KEECHA,NORTH COAST,Sockeye Lake Type ,CENTRAL COAST SOCKEYE SALMON ,SEL-19-26
cu_list,SEL-19-23,HIGGINS LAGOON,NORTH COAST,Sockeye Lake Type ,CENTRAL COAST SOCKEYE SALMON ,SEL-19-23
cu_list,SEL-19-21,HARTLEY BAY,NORTH COAST,Sockeye Lake Type ,CENTRAL COAST SOCKEYE SALMON ,SEL-19-21
cu_list,SEL-19-18,END HILL CREEK,NORTH COAST,Sockeye Lake Type ,CENTRAL COAST SOCKEYE SALMON ,SEL-19-18
cu_list,SEL-19-15,DOUGLAS CREEK,NORTH COAST,Sockeye Lake Type ,CENTRAL COAST SOCKEYE SALMON ,SEL-19-15
cu_list,SEL-19-12,DALLAIN CREEK,NORTH COAST,Sockeye Lake Type ,CENTRAL COAST SOCKEYE SALMON ,SEL-19-12
cu_list,SEL-19-11,CURTIS INLET,NORTH COAST,Sockeye Lake Type ,CENTRAL COAST SOCKEYE SALMON ,SEL-19-11
cu_list,SEL-19-10,FANNIE COVE,NORTH COAST,Sockeye Lake Type ,CENTRAL COAST SOCKEYE SALMON ,SEL-19-10
cu_list,SEL-19-09,TUWARTZ,NORTH COAST,Sockeye Lake Type ,CENTRAL COAST SOCKEYE SALMON ,SEL-19-09
cu_list,SEL-19-08,CHIC CHIC,NORTH COAST,Sockeye Lake Type ,CENTRAL COAST SOCKEYE SALMON ,SEL-19-08
cu_list,CK-43,HAIDA GWAII-NORTH,NORTH COAST,Chinook,HAIDA GWAII CHINOOK SALMON,CK-43
cu_list,CK-44,HAIDA GWAII-EAST,NORTH COAST,Chinook,HAIDA GWAII CHINOOK SALMON,CK-44
cu_list,CM-21,EAST HG,NORTH COAST,Chum,HAIDA GWAII CHUM SALMON,CM-21
cu_list,CM-25,NORTH HAIDA GWAII-STANLEY CREEK,NORTH COAST,Chum,HAIDA GWAII CHUM SALMON,CM-25
cu_list,CM-23,WEST HAIDA GWAII,NORTH COAST,Chum,HAIDA GWAII CHUM SALMON,CM-23
cu_list,CM-22,SKIDEGATE,NORTH COAST,Chum,HAIDA GWAII CHUM SALMON,CM-22
cu_list,CM-24,NORTH HAIDA GWAII,NORTH COAST,Chum,HAIDA GWAII CHUM SALMON,CM-24
cu_list,CO-25,HG-GRAHAM ISLAND LOWLANDS,NORTH COAST,Coho,HAIDA GWAII COHO SALMON,CO-25
cu_list,CO-24,HG-WEST,NORTH COAST,Coho,HAIDA GWAII COHO SALMON,CO-24
cu_list,CO-23,HG-EAST,NORTH COAST,Coho,HAIDA GWAII COHO SALMON,CO-23
cu_list,PKE-11,WEST HAIDA GWAII,NORTH COAST,Pink Even,HAIDA GWAII PINK SALMON,PKE-11
cu_list,PKE-10,EAST HAIDA GWAII,NORTH COAST,Pink Even,HAIDA GWAII PINK SALMON,PKE-10
cu_list,PKO-10,NORTH HAIDA GWAII,NORTH COAST,Pink Odd,HAIDA GWAII PINK SALMON,PKO-10
cu_list,PKO-09,EAST HAIDA GWAII,NORTH COAST,Pink Odd,HAIDA GWAII PINK SALMON,PKO-09
cu_list,PKO-11,WEST HAIDA GWAII,NORTH COAST,Pink Odd,HAIDA GWAII PINK SALMON,PKO-11
cu_list,PKE-09,NORTH HAIDA GWAII,NORTH COAST,Pink Even,HAIDA GWAII PINK SALMON,PKE-09
cu_list,SEL-17-06,MATHERS,NORTH COAST,Sockeye Lake Type ,HAIDA GWAII SOCKEYE SALMON,SEL-17-06
cu_list,SEL-17-10,MARIE,NORTH COAST,Sockeye Lake Type ,HAIDA GWAII SOCKEYE SALMON,SEL-17-10
cu_list,SEL-17-08,SKIDEGATE,NORTH COAST,Sockeye Lake Type ,HAIDA GWAII SOCKEYE SALMON,SEL-17-08
cu_list,SEL-17-05,MARIAN,NORTH COAST,Sockeye Lake Type ,HAIDA GWAII SOCKEYE SALMON,SEL-17-05
cu_list,SEL-17-04,JALUN,NORTH COAST,Sockeye Lake Type ,HAIDA GWAII SOCKEYE SALMON,SEL-17-04
cu_list,SEL-17-03,FAIRFAX,NORTH COAST,Sockeye Lake Type ,HAIDA GWAII SOCKEYE SALMON,SEL-17-03
cu_list,SEL-17-02,AWUN,NORTH COAST,Sockeye Lake Type ,HAIDA GWAII SOCKEYE SALMON,SEL-17-02
cu_list,SEL-17-01,AIN/SKUNDALE/IAN,NORTH COAST,Sockeye Lake Type ,HAIDA GWAII SOCKEYE SALMON,SEL-17-01
cu_list,SEL-17-09,YAKOUN,NORTH COAST,Sockeye Lake Type ,HAIDA GWAII SOCKEYE SALMON,SEL-17-09
cu_list,SEL-17-07,MERCER,NORTH COAST,Sockeye Lake Type ,HAIDA GWAII SOCKEYE SALMON,SEL-17-07
cu_list,CK-58,UPPER NASS,NORTH COAST,Chinook,NASS CHINOOK SALMON,CK-58
cu_list,CM-31,LOWER NASS,NORTH COAST,Chum,NASS CHUM SALMON,CM-31
cu_list,CO-35,LOWER NASS,NORTH COAST,Coho,NASS COHO SALMON,CO-35
cu_list,CO-37,PORTLAND SOUND-OBSERVATORY INLET-PORTLAND CANAL,NORTH COAST,Coho,NASS COHO SALMON,CO-37
cu_list,CO-36,UPPER NASS,NORTH COAST,Coho,NASS COHO SALMON,CO-36
cu_list,PKO-14,NASS-SKEENA ESTUARY,NORTH COAST,Pink Odd,NASS PINK SALMON,PKO-14
cu_list,PKO-18,UPPER NASS,NORTH COAST,Pink Odd,NASS PINK SALMON,PKO-18
cu_list,PKE-07,NASS-SKEENA ESTUARY,NORTH COAST,Pink Even,NASS PINK SALMON,PKE-07
cu_list,PKE-12,UPPER NASS,NORTH COAST,Pink Even,NASS PINK SALMON,PKE-12
cu_list,PKO-17,NASS-PORTLAND-OBSERVATORY,NORTH COAST,Pink Odd,NASS PINK SALMON,PKO-17
cu_list,SEL-24-01,BOWSER,NORTH COAST,Sockeye Lake Type ,NASS SOCKEYE SALMON,SEL-24-01
cu_list,SEL-24-05,MEZIADIN,NORTH COAST,Sockeye Lake Type ,NASS SOCKEYE SALMON,SEL-24-05
cu_list,SEL-24-04,KWINAGEESE,NORTH COAST,Sockeye Lake Type ,NASS SOCKEYE SALMON,SEL-24-04
cu_list,SEL-24-02,DAMDOCHAX/WIMINASIK,NORTH COAST,Sockeye Lake Type ,NASS SOCKEYE SALMON,SEL-24-02
cu_list,SEL-23-02,SPLIT MOUNTAIN/LEVERSON,NORTH COAST,Sockeye Lake Type ,NASS SOCKEYE SALMON,SEL-23-02
cu_list,SEL-23-01,CLEMENTS,NORTH COAST,Sockeye Lake Type ,NASS SOCKEYE SALMON,SEL-23-01
cu_list,SEL-24-06,OWEEGEE,NORTH COAST,Sockeye Lake Type ,NASS SOCKEYE SALMON,SEL-24-06
cu_list,SEL-24-03,FRED WRIGHT,NORTH COAST,Sockeye Lake Type ,NASS SOCKEYE SALMON,SEL-24-03
cu_list,SEL-15-03,OWIKENO-LATE TIMING,NORTH COAST,Sockeye Lake Type ,RIVERS/SMITH SOCKEYE SALMON,SEL-15-03
cu_list,SEL-16-01,SOUTH ATNARKO LAKES,NORTH COAST,Sockeye Lake Type ,RIVERS/SMITH SOCKEYE SALMON,SEL-16-01
cu_list,SEL-15-04,WANNOCK[OWIKENO],NORTH COAST,Sockeye Lake Type ,RIVERS/SMITH SOCKEYE SALMON,SEL-15-04
cu_list,SEL-15-02,OWIKENO,NORTH COAST,Sockeye Lake Type ,RIVERS/SMITH SOCKEYE SALMON,SEL-15-02
cu_list,SEL-15-01,LONG,NORTH COAST,Sockeye Lake Type ,RIVERS/SMITH SOCKEYE SALMON,SEL-15-01
cu_list,CM-30,PORTLAND INLET,NORTH COAST,Chum,SKEENA - NASS CHUM COASTAL,CM-30
cu_list,CM-32,PORTLAND CANAL-OBSERVATORY,NORTH COAST,Chum,SKEENA - NASS CHUM COASTAL,CM-32
cu_list,CM-26,SKEENA ESTUARY,NORTH COAST,Chum,SKEENA - NASS CHUM COASTAL,CM-26
cu_list,CK-45,SKEENA ESTUARY,NORTH COAST,Chinook,SKEENA CHINOOK SALMON,CK-45
cu_list,CK-55,UPPER BULKLEY RIVER,NORTH COAST,Chinook,SKEENA CHINOOK SALMON,CK-55
cu_list,CK-53,MIDDLE SKEENA-LARGE LAKES,NORTH COAST,Chinook,SKEENA CHINOOK SALMON,CK-53
cu_list,CK-50,KALUM-LATE TIMING,NORTH COAST,Chinook,SKEENA CHINOOK SALMON,CK-50
cu_list,CK-49,KALUM-EARLY TIMING,NORTH COAST,Chinook,SKEENA CHINOOK SALMON,CK-49
cu_list,CK-46,ECSTALL,NORTH COAST,Chinook,SKEENA CHINOOK SALMON,CK-46
cu_list,CK-81,SICINTINE,NORTH COAST,Chinook,SKEENA CHINOOK SALMON,CK-81
cu_list,CK-80,ZYMOETZ,NORTH COAST,Chinook,SKEENA CHINOOK SALMON,CK-80
cu_list,CK-56,UPPER SKEENA,NORTH COAST,Chinook,SKEENA CHINOOK SALMON,CK-56
cu_list,CK-54,MIDDLE SKEENA-MAINSTEM TRIBUTARIES,NORTH COAST,Chinook,SKEENA CHINOOK SALMON,CK-54
cu_list,CK-51,LAKELSE,NORTH COAST,Chinook,SKEENA CHINOOK SALMON,CK-51
cu_list,CK-48,LOWER SKEENA,NORTH COAST,Chinook,SKEENA CHINOOK SALMON,CK-48
cu_list,CM-27,LOWER SKEENA,NORTH COAST,Chum,SKEENA CHUM SALMON,CM-27
cu_list,CM-28,MIDDLE SKEENA,NORTH COAST,Chum,SKEENA CHUM SALMON,CM-28
cu_list,CO-31,SKEENA ESTUARY,NORTH COAST,Coho,SKEENA COHO SALMON,CO-31
cu_list,CO-34,UPPER SKEENA,NORTH COAST,Coho,SKEENA COHO SALMON,CO-34
cu_list,CO-32,LOWER SKEENA,NORTH COAST,Coho,SKEENA COHO SALMON,CO-32
cu_list,CO-33,MIDDLE SKEENA,NORTH COAST,Coho,SKEENA COHO SALMON,CO-33
cu_list,PKE-08,MIDDLE-UPPER SKEENA,NORTH COAST,Pink Even,SKEENA PINK SALMON,PKE-08
cu_list,PKO-16,MIDDLE AND UPPER SKEENA,NORTH COAST,Pink Odd,SKEENA PINK SALMON,PKO-16
cu_list,PKO-15,LOWER SKEENA,NORTH COAST,Pink Odd,SKEENA PINK SALMON,PKO-15
cu_list,SEL-20-03,DENNIS,NORTH COAST,Sockeye Lake Type ,SKEENA SOCKEYE SALMON,SEL-20-03
cu_list,SEL-22-11,SPAWNING,NORTH COAST,Sockeye Lake Type ,SKEENA SOCKEYE SALMON,SEL-22-11
cu_list,SEL-22-10,SLAMGEESH,NORTH COAST,Sockeye Lake Type ,SKEENA SOCKEYE SALMON,SEL-22-10
cu_list,SEL-22-08,MOTASE,NORTH COAST,Sockeye Lake Type ,SKEENA SOCKEYE SALMON,SEL-22-08
cu_list,SEL-22-06,KLUATANTAN,NORTH COAST,Sockeye Lake Type ,SKEENA SOCKEYE SALMON,SEL-22-06
cu_list,SEL-22-05,JOHANSON,NORTH COAST,Sockeye Lake Type ,SKEENA SOCKEYE SALMON,SEL-22-05
cu_list,SEL-22-03,BEAR,NORTH COAST,Sockeye Lake Type ,SKEENA SOCKEYE SALMON,SEL-22-03
cu_list,SEL-22-02,AZUKLOTZ,NORTH COAST,Sockeye Lake Type ,SKEENA SOCKEYE SALMON,SEL-22-02
cu_list,SEL-21-12,FOOTSORE/HODDER,NORTH COAST,Sockeye Lake Type ,SKEENA SOCKEYE SALMON,SEL-21-12
cu_list,SEL-21-09,STEPHENS,NORTH COAST,Sockeye Lake Type ,SKEENA SOCKEYE SALMON,SEL-21-09
cu_list,SEL-21-03,BULKLEY,NORTH COAST,Sockeye Lake Type ,SKEENA SOCKEYE SALMON,SEL-21-03
cu_list,SEL-21-02,BABINE,NORTH COAST,Sockeye Lake Type ,SKEENA SOCKEYE SALMON,SEL-21-02
cu_list,SEL-20-07,LAKELSE,NORTH COAST,Sockeye Lake Type ,SKEENA SOCKEYE SALMON,SEL-20-07
cu_list,SEL-21-01,ATNA,NORTH COAST,Sockeye Lake Type ,SKEENA SOCKEYE SALMON,SEL-21-01
cu_list,SEL-22-12,SUSTUT,NORTH COAST,Sockeye Lake Type ,SKEENA SOCKEYE SALMON,SEL-22-12
cu_list,SEL-22-09,SICINTINE,NORTH COAST,Sockeye Lake Type ,SKEENA SOCKEYE SALMON,SEL-22-09
cu_list,SEL-22-07,KLUAYAZ,NORTH COAST,Sockeye Lake Type ,SKEENA SOCKEYE SALMON,SEL-22-07
cu_list,SEL-22-04,DAMSHILGWIT,NORTH COAST,Sockeye Lake Type ,SKEENA SOCKEYE SALMON,SEL-22-04
cu_list,SEL-22-01,ASITIKA,NORTH COAST,Sockeye Lake Type ,SKEENA SOCKEYE SALMON,SEL-22-01
cu_list,SEL-20-05,JOHNSTON,NORTH COAST,Sockeye Lake Type ,SKEENA SOCKEYE SALMON,SEL-20-05
cu_list,SEL-20-04,ECSTALL/LOWER,NORTH COAST,Sockeye Lake Type ,SKEENA SOCKEYE SALMON,SEL-20-04
cu_list,SEL-20-02,ALDRICH,NORTH COAST,Sockeye Lake Type ,SKEENA SOCKEYE SALMON,SEL-20-02
cu_list,SEL-20-01,ALASTAIR,NORTH COAST,Sockeye Lake Type ,SKEENA SOCKEYE SALMON,SEL-20-01
cu_list,SEL-19-54,SHAWATLAN,NORTH COAST,Sockeye Lake Type ,SKEENA SOCKEYE SALMON,SEL-19-54
cu_list,SEL-19-49,PRUDHOMME,NORTH COAST,Sockeye Lake Type ,SKEENA SOCKEYE SALMON,SEL-19-49
cu_list,SEL-21-11,TAHLO/MORRISON,NORTH COAST,Sockeye Lake Type ,SKEENA SOCKEYE SALMON,SEL-21-11
cu_list,SEL-21-10,SWAN,NORTH COAST,Sockeye Lake Type ,SKEENA SOCKEYE SALMON,SEL-21-10
cu_list,SEL-21-07,MORICE,NORTH COAST,Sockeye Lake Type ,SKEENA SOCKEYE SALMON,SEL-21-07
cu_list,SEL-21-06,MAXAN,NORTH COAST,Sockeye Lake Type ,SKEENA SOCKEYE SALMON,SEL-21-06
cu_list,SEL-21-05,KITWANCOOL,NORTH COAST,Sockeye Lake Type ,SKEENA SOCKEYE SALMON,SEL-21-05
cu_list,SEL-20-08,MCDONELL,NORTH COAST,Sockeye Lake Type ,SKEENA SOCKEYE SALMON,SEL-20-08
cu_list,SEL-20-06,KITSUMKALUM,NORTH COAST,Sockeye Lake Type ,SKEENA SOCKEYE SALMON,SEL-20-06
cu_list,PKE-01,GEORGIA STRAIT,SOUTH COAST,Pink Even,ECVI/MAINLAND PINK SALMON - EVEN,PKE-01
cu_list,PKE-04,SOUTHERN FJORDS,SOUTH COAST,Pink Even,ECVI/MAINLAND PINK SALMON - EVEN,PKE-04
cu_list,PKO-07,SOUTHERN FJORDS,SOUTH COAST,Pink Odd,ECVI/MAINLAND PINK SALMON - ODD,PKO-07
cu_list,PKO-05,NAHWITTI,SOUTH COAST,Pink Odd,ECVI/MAINLAND PINK SALMON - ODD,PKO-05
cu_list,PKO-03,GEORGIA STRAIT,SOUTH COAST,Pink Odd,ECVI/MAINLAND PINK SALMON - ODD,PKO-03
cu_list,PKO-04,EAST VANCOUVER ISLAND-JOHNSTONE STRAIT,SOUTH COAST,Pink Odd,ECVI/MAINLAND PINK SALMON - ODD,PKO-04
cu_list,SEL-11-01,FULMORE,SOUTH COAST,Sockeye Lake Type ,ECVI/MAINLAND SOCKEYE SALMON ,SEL-11-01
cu_list,SEL-12-09,VERNON,SOUTH COAST,Sockeye Lake Type ,ECVI/MAINLAND SOCKEYE SALMON ,SEL-12-09
cu_list,SEL-12-08,WOSS,SOUTH COAST,Sockeye Lake Type ,ECVI/MAINLAND SOCKEYE SALMON ,SEL-12-08
cu_list,SEL-12-06,SCHOEN,SOUTH COAST,Sockeye Lake Type ,ECVI/MAINLAND SOCKEYE SALMON ,SEL-12-06
cu_list,SEL-12-05,QUATSE,SOUTH COAST,Sockeye Lake Type ,ECVI/MAINLAND SOCKEYE SALMON ,SEL-12-05
cu_list,SEL-12-02,NAHWITTI,SOUTH COAST,Sockeye Lake Type ,ECVI/MAINLAND SOCKEYE SALMON ,SEL-12-02
cu_list,SEL-12-01,IDA/BONANZA,SOUTH COAST,Sockeye Lake Type ,ECVI/MAINLAND SOCKEYE SALMON ,SEL-12-01
cu_list,SEL-11-10,VILLAGE BAY,SOUTH COAST,Sockeye Lake Type ,ECVI/MAINLAND SOCKEYE SALMON ,SEL-11-10
cu_list,SEL-11-09,TZOONIE,SOUTH COAST,Sockeye Lake Type ,ECVI/MAINLAND SOCKEYE SALMON ,SEL-11-09
cu_list,SEL-11-06,PHILLIPS,SOUTH COAST,Sockeye Lake Type ,ECVI/MAINLAND SOCKEYE SALMON ,SEL-11-06
cu_list,SEL-11-05,MACKENZIE,SOUTH COAST,Sockeye Lake Type ,ECVI/MAINLAND SOCKEYE SALMON ,SEL-11-05
cu_list,SEL-11-03,KAKWEIKEN,SOUTH COAST,Sockeye Lake Type ,ECVI/MAINLAND SOCKEYE SALMON ,SEL-11-03
cu_list,SEL-11-02,HEYDON,SOUTH COAST,Sockeye Lake Type ,ECVI/MAINLAND SOCKEYE SALMON ,SEL-11-02
cu_list,SEL-11-04,LOOSE,SOUTH COAST,Sockeye Lake Type ,ECVI/MAINLAND SOCKEYE SALMON ,SEL-11-04
cu_list,SEL-11-07,SAKINAW,SOUTH COAST,Sockeye Lake Type ,ECVI/MAINLAND SOCKEYE SALMON ,SEL-11-07
cu_list,SEL-11-11,PACK,SOUTH COAST,Sockeye Lake Type ,ECVI/MAINLAND SOCKEYE SALMON ,SEL-11-11
cu_list,SEL-12-03,NIMPKISH,SOUTH COAST,Sockeye Lake Type ,ECVI/MAINLAND SOCKEYE SALMON ,SEL-12-03
cu_list,SEL-12-07,SHUSHARTIE,SOUTH COAST,Sockeye Lake Type ,ECVI/MAINLAND SOCKEYE SALMON ,SEL-12-07
cu_list,CM-05,NORTHEAST VANCOUVER ISLAND,SOUTH COAST,Chum,INNER SOUTH COAST CHUM SALMON,CM-05
cu_list,CM-09,UPPER KNIGHT,SOUTH COAST,Chum,INNER SOUTH COAST CHUM SALMON,CM-09
cu_list,CM-08,SOUTHERN COASTAL STREAMS,SOUTH COAST,Chum,INNER SOUTH COAST CHUM SALMON,CM-08
cu_list,CM-06,LOUGHBOROUGH,SOUTH COAST,Chum,INNER SOUTH COAST CHUM SALMON,CM-06
cu_list,CM-04,GEORGIA STRAIT,SOUTH COAST,Chum,INNER SOUTH COAST CHUM SALMON,CM-04
cu_list,CM-03,HOWE SOUND-BURRARD INLET,SOUTH COAST,Chum,INNER SOUTH COAST CHUM SALMON,CM-03
cu_list,CM-07,BUTE INLET,SOUTH COAST,Chum,INNER SOUTH COAST CHUM SALMON,CM-07
cu_list,CO-15,NAHWITTI LOWLAND,SOUTH COAST,Coho,JOHNSTONE STRAIT/MAINLAND INLET COHO SALMON,CO-15
cu_list,CO-19,HOMATHKO-KLINAKLINI RIVERS,SOUTH COAST,Coho,JOHNSTONE STRAIT/MAINLAND INLET COHO SALMON,CO-19
cu_list,CO-14,EAST VANCOUVER ISLAND-JOHNSTONE STRAIT-SOUTHERN FJORDS,SOUTH COAST,Coho,JOHNSTONE STRAIT/MAINLAND INLET COHO SALMON,CO-14
cu_list,CO-12,SOUTHERN COASTAL STREAMS-QUEEN CHARLOTTE STRAIT-JOHNSTONE STRAIT-SOUTHERN FJORDS,SOUTH COAST,Coho,JOHNSTONE STRAIT/MAINLAND INLET COHO SALMON,CO-12
cu_list,CK-21,EAST VANCOUVER ISLAND-GOLDSTREAM_FA_0.X,SOUTH COAST,Chinook,LOWER GEORGIA STRAIT CHINOOK SALMON,CK-21
cu_list,CK-25,EAST VANCOUVER ISLAND-NANAIMO AND CHEMAINUS_FA_0.X,SOUTH COAST,Chinook,LOWER GEORGIA STRAIT CHINOOK SALMON,CK-25
cu_list,CK-22,EAST VANCOUVER ISLAND-COWICHAN AND KOKSILAH_FA_0.X,SOUTH COAST,Chinook,LOWER GEORGIA STRAIT CHINOOK SALMON,CK-22
cu_list,CK-35,KLINAKLINI_SU_1.3,SOUTH COAST,Chinook,MAINLAND INLET CHINOOK SALMON,CK-35
cu_list,CK-34,HOMATHKO_SU_X.X,SOUTH COAST,Chinook,MAINLAND INLET CHINOOK SALMON,CK-34
cu_list,CK-28,SOUTHERN MAINLAND-SOUTHERN FJORDS_FA_0.X,SOUTH COAST,Chinook,MAINLAND INLET CHINOOK SALMON,CK-28
cu_list,CK-23,EAST VANCOUVER ISLAND-NANAIMO_SP_1.X,SOUTH COAST,Chinook,MIDDLE GEORGIA STRAIT CHINOOK SALMON,CK-23
cu_list,CK-20,SOUTHERN MAINLAND-GEORGIA STRAIT_FA_0.X,SOUTH COAST,Chinook,MIDDLE GEORGIA STRAIT CHINOOK SALMON,CK-20
cu_list,CK-83,EAST VANCOUVER ISLAND-GEORGIA STRAIT_SU_0.3,SOUTH COAST,Chinook,MIDDLE GEORGIA STRAIT CHINOOK SALMON,CK-83
cu_list,CK-27,EAST VANCOUVER ISLAND-QUALICUM AND PUNTLEDGE_FA_0.X,SOUTH COAST,Chinook,MIDDLE GEORGIA STRAIT CHINOOK SALMON,CK-27
cu_list,CO-01,BOUNDARY BAY,SOUTH COAST,Coho,STRAIT OF GEORGIA COHO SALMON,CO-01
cu_list,CO-10,HOWE SOUND-BURRARD INLET,SOUTH COAST,Coho,STRAIT OF GEORGIA COHO SALMON,CO-10
cu_list,CO-13,EAST VANCOUVER ISLAND-GEORGIA STRAIT,SOUTH COAST,Coho,STRAIT OF GEORGIA COHO SALMON,CO-13
cu_list,CO-11,GEORGIA STRAIT MAINLAND,SOUTH COAST,Coho,STRAIT OF GEORGIA COHO SALMON,CO-11
cu_list,CK-29,EAST VANCOUVER ISLAND-NORTH_FA_0.X,SOUTH COAST,Chinook,UPPER GEORGIA STRAIT CHINOOK SALMON,CK-29
cu_list,SEL-13-08,GREAT CENTRAL,SOUTH COAST,Sockeye Lake Type ,WCVI - BARKLEY SOCKEYE SALMON,SEL-13-08
cu_list,SEL-13-25,SPROAT,SOUTH COAST,Sockeye Lake Type ,WCVI - BARKLEY SOCKEYE SALMON,SEL-13-25
cu_list,SEL-13-09,HENDERSON,SOUTH COAST,Sockeye Lake Type ,WCVI - BARKLEY SOCKEYE SALMON,SEL-13-09
cu_list,SEL-13-01,ALICE,SOUTH COAST,Sockeye Lake Type ,WCVI - OTHER SOCKEYE SALMON,SEL-13-01
cu_list,SEL-13-23,POWER,SOUTH COAST,Sockeye Lake Type ,WCVI - OTHER SOCKEYE SALMON,SEL-13-23
cu_list,SEL-13-21,OWOSSITSA,SOUTH COAST,Sockeye Lake Type ,WCVI - OTHER SOCKEYE SALMON,SEL-13-21
cu_list,SEL-13-20,O'CONNELL,SOUTH COAST,Sockeye Lake Type ,WCVI - OTHER SOCKEYE SALMON,SEL-13-20
cu_list,SEL-13-18,MURIEL,SOUTH COAST,Sockeye Lake Type ,WCVI - OTHER SOCKEYE SALMON,SEL-13-18
cu_list,SEL-13-17,MUCHALAT,SOUTH COAST,Sockeye Lake Type ,WCVI - OTHER SOCKEYE SALMON,SEL-13-17
cu_list,SEL-13-15,MAGGIE,SOUTH COAST,Sockeye Lake Type ,WCVI - OTHER SOCKEYE SALMON,SEL-13-15
cu_list,SEL-13-14,KENNEDY,SOUTH COAST,Sockeye Lake Type ,WCVI - OTHER SOCKEYE SALMON,SEL-13-14
cu_list,SEL-13-12,JANSEN,SOUTH COAST,Sockeye Lake Type ,WCVI - OTHER SOCKEYE SALMON,SEL-13-12
cu_list,SEL-13-11,HOBITON,SOUTH COAST,Sockeye Lake Type ,WCVI - OTHER SOCKEYE SALMON,SEL-13-11
cu_list,SEL-13-06,DESERTED,SOUTH COAST,Sockeye Lake Type ,WCVI - OTHER SOCKEYE SALMON,SEL-13-06
cu_list,SEL-13-05,CLAYOQUOT,SOUTH COAST,Sockeye Lake Type ,WCVI - OTHER SOCKEYE SALMON,SEL-13-05
cu_list,SEL-13-03,CECILIA,SOUTH COAST,Sockeye Lake Type ,WCVI - OTHER SOCKEYE SALMON,SEL-13-03
cu_list,SEL-13-02,CANOE CREEK,SOUTH COAST,Sockeye Lake Type ,WCVI - OTHER SOCKEYE SALMON,SEL-13-02
cu_list,SEL-13-04,CHEEWAT,SOUTH COAST,Sockeye Lake Type ,WCVI - OTHER SOCKEYE SALMON,SEL-13-04
cu_list,SEL-13-07,FAIRY,SOUTH COAST,Sockeye Lake Type ,WCVI - OTHER SOCKEYE SALMON,SEL-13-07
cu_list,SEL-13-10,HESQUIAT,SOUTH COAST,Sockeye Lake Type ,WCVI - OTHER SOCKEYE SALMON,SEL-13-10
cu_list,SEL-13-13,KANIM,SOUTH COAST,Sockeye Lake Type ,WCVI - OTHER SOCKEYE SALMON,SEL-13-13
cu_list,SEL-13-16,MEGIN,SOUTH COAST,Sockeye Lake Type ,WCVI - OTHER SOCKEYE SALMON,SEL-13-16
cu_list,SEL-13-19,NITINAT,SOUTH COAST,Sockeye Lake Type ,WCVI - OTHER SOCKEYE SALMON,SEL-13-19
cu_list,SEL-13-22,PARK RIVER,SOUTH COAST,Sockeye Lake Type ,WCVI - OTHER SOCKEYE SALMON,SEL-13-22
cu_list,SEL-13-26,WILLIAM/BRINK,SOUTH COAST,Sockeye Lake Type ,WCVI - OTHER SOCKEYE SALMON,SEL-13-26
cu_list,CK-31,WEST VANCOUVER ISLAND-SOUTH_FA_0.X,SOUTH COAST,Chinook,WCVI CHINOOK SALMON,CK-31
cu_list,CK-32,WEST VANCOUVER ISLAND-NOOTKA AND KYUQUOT_FA_0.X,SOUTH COAST,Chinook,WCVI CHINOOK SALMON,CK-32
cu_list,CK-33,WEST VANCOUVER ISLAND-NORTH_FA_0.X,SOUTH COAST,Chinook,WCVI CHINOOK SALMON,CK-33
cu_list,CM-10,SOUTHWEST VANCOUVER ISLAND,SOUTH COAST,Chum,WCVI CHUM SALMON,CM-10
cu_list,CM-11,NORTHWEST VANCOUVER ISLAND,SOUTH COAST,Chum,WCVI CHUM SALMON,CM-11
cu_list,CO-16,JUAN DE FUCA-PACHENA,SOUTH COAST,Coho,WCVI COHO SALMON,CO-16
cu_list,CO-17,WEST VANCOUVER ISLAND,SOUTH COAST,Coho,WCVI COHO SALMON,CO-17
cu_list,CO-18,CLAYOQUOT,SOUTH COAST,Coho,WCVI COHO SALMON,CO-18
cu_list,PKE-03,NORTHWEST VANCOUVER ISLAND,SOUTH COAST,Pink Even,WCVI PINK SALMON,PKE-03
cu_list,PKE-02,WEST VANCOUVER ISLAND,SOUTH COAST,Pink Even,WCVI PINK SALMON,PKE-02
cu_list,PKO-06,WEST VANCOUVER ISLAND,SOUTH COAST,Pink Odd,WCVI PINK SALMON,PKO-06
cu_list,CK-67,ALSEK,YUKON TRANSBOUNDARY,Chinook,ALSEK CHINOOK SALMON,CK-67
cu_list,CO-45,ALSEK RIVER,YUKON TRANSBOUNDARY,Coho,ALSEK COHO SALMON,CO-45
cu_list,SEL-30-01,BLANCHARD,YUKON TRANSBOUNDARY,Sockeye Lake Type ,ALSEK SOCKEYE SALMON,SEL-30-01
cu_list,SEL-30-03,NESKETAHIN,YUKON TRANSBOUNDARY,Sockeye Lake Type ,ALSEK SOCKEYE SALMON,SEL-30-03
cu_list,SEL-30-02,KLUKSHU,YUKON TRANSBOUNDARY,Sockeye Lake Type ,ALSEK SOCKEYE SALMON,SEL-30-02
cu_list,CM-33,UNUK,YUKON TRANSBOUNDARY,Chum,CU IS EXTANT AND IS EITHER ACCEPTED OR HAS BEEN PROPOSED.,CM-33
cu_list,CK-77,SALMON FORK,YUKON TRANSBOUNDARY,Chinook,PORCUPINE CHINOOK SALMON,CK-77
cu_list,CK-79,OLD CROW,YUKON TRANSBOUNDARY,Chinook,PORCUPINE CHINOOK SALMON,CK-79
cu_list,CK-78,PORCUPINE,YUKON TRANSBOUNDARY,Chinook,PORCUPINE CHINOOK SALMON,CK-78
cu_list,CM-46,PORCUPINE RIVER,YUKON TRANSBOUNDARY,Chum,PORCUPINE CHUM SALMON,CM-46
cu_list,CO-46,PORCUPINE,YUKON TRANSBOUNDARY,Coho,PORCUPINE COHO SALMON,CO-46
cu_list,CK-60,STIKINE-EARLY TIMING,YUKON TRANSBOUNDARY,Chinook,STIKINE CHINOOK SALMON,CK-60
cu_list,CK-61,STIKINE-LATE TIMING,YUKON TRANSBOUNDARY,Chinook,STIKINE CHINOOK SALMON,CK-61
cu_list,CO-39,LOWER STIKINE,YUKON TRANSBOUNDARY,Coho,STIKINE COHO SALMON,CO-39
cu_list,SEL-26-03,CHUTINE,YUKON TRANSBOUNDARY,Sockeye Lake Type ,STIKINE SOCKEYE SALMON,SEL-26-03
cu_list,SEL-26-02,TAHLTAN,YUKON TRANSBOUNDARY,Sockeye Lake Type ,STIKINE SOCKEYE SALMON,SEL-26-02
cu_list,SEL-26-01,CHRISTINA,YUKON TRANSBOUNDARY,Sockeye Lake Type ,STIKINE SOCKEYE SALMON,SEL-26-01
cu_list,CK-64,TAKU-MID TIMING,YUKON TRANSBOUNDARY,Chinook,TAKU CHINOOK SALMON,CK-64
cu_list,CK-65,TAKU-LATE TIMING,YUKON TRANSBOUNDARY,Chinook,TAKU CHINOOK SALMON,CK-65
cu_list,CK-63,TAKU-EARLY TIMING,YUKON TRANSBOUNDARY,Chinook,TAKU CHINOOK SALMON,CK-63
cu_list,CO-41,TAKU-LATE TIMING,YUKON TRANSBOUNDARY,Coho,TAKU COHO SALMON,CO-41
cu_list,CO-42,TAKU-MID TIMING,YUKON TRANSBOUNDARY,Coho,TAKU COHO SALMON,CO-42
cu_list,CO-43,TAKU-EARLY TIMING,YUKON TRANSBOUNDARY,Coho,TAKU COHO SALMON,CO-43
cu_list,SEL-28-03,TATSAMENIE,YUKON TRANSBOUNDARY,Sockeye Lake Type ,TAKU SOCKEYE SALMON,SEL-28-03
cu_list,SEL-28-05,KING SALMON,YUKON TRANSBOUNDARY,Sockeye Lake Type ,TAKU SOCKEYE SALMON,SEL-28-05
cu_list,SEL-28-02,LITTLE TRAPPER,YUKON TRANSBOUNDARY,Sockeye Lake Type ,TAKU SOCKEYE SALMON,SEL-28-02
cu_list,SEL-28-01,KUTHAI,YUKON TRANSBOUNDARY,Sockeye Lake Type ,TAKU SOCKEYE SALMON,SEL-28-01
cu_list,CM-36,TAKU,YUKON TRANSBOUNDARY,Chum,TRANSBOUNDARY CHUM SALMON,CM-36
cu_list,PKE-13,TRANSBOUNDARY FJORDS,YUKON TRANSBOUNDARY,Pink Even,TRANSBOUNDARY PINK SALMON,PKE-13
cu_list,PKO-19,TRANSBOUNDARY FJORDS,YUKON TRANSBOUNDARY,Pink Odd,TRANSBOUNDARY PINK SALMON,PKO-19
cu_list,CK-69,UPPER YUKON RIVER,YUKON TRANSBOUNDARY,Chinook,YUKON CHINOOK SALMON,CK-69
cu_list,CK-73,MIDDLE YUKON RIVER AND TRIBUTARIES,YUKON TRANSBOUNDARY,Chinook,YUKON CHINOOK SALMON,CK-73
cu_list,CK-71,NORDENSKIOLD,YUKON TRANSBOUNDARY,Chinook,YUKON CHINOOK SALMON,CK-71
cu_list,CK-68,YUKON RIVER-TESLIN HEADWATERS,YUKON TRANSBOUNDARY,Chinook,YUKON CHINOOK SALMON,CK-68
cu_list,CK-76,NORTHERN YUKON RIVER AND TRIBUTARIES,YUKON TRANSBOUNDARY,Chinook,YUKON CHINOOK SALMON,CK-76
cu_list,CK-75,WHITE AND TRIBUTARIES,YUKON TRANSBOUNDARY,Chinook,YUKON CHINOOK SALMON,CK-75
cu_list,CK-74,STEWART,YUKON TRANSBOUNDARY,Chinook,YUKON CHINOOK SALMON,CK-74
cu_list,CK-72,PELLY,YUKON TRANSBOUNDARY,Chinook,YUKON CHINOOK SALMON,CK-72
cu_list,CK-70,BIG SALMON,YUKON TRANSBOUNDARY,Chinook,YUKON CHINOOK SALMON,CK-70
cu_list,CM-42,MIDDLE YUKON RIVER,YUKON TRANSBOUNDARY,Chum,YUKON CHUM SALMON,CM-42
cu_list,CM-48,STEWART,YUKON TRANSBOUNDARY,Chum,YUKON CHUM SALMON,CM-48
cu_list,CM-45,DONJEK-KLUANE,YUKON TRANSBOUNDARY,Chum,YUKON CHUM SALMON,CM-45
cu_list,CM-44,WHITE RIVER,YUKON TRANSBOUNDARY,Chum,YUKON CHUM SALMON,CM-44
cu_list,CM-43,NORTH YUKON RIVER,YUKON TRANSBOUNDARY,Chum,YUKON CHUM SALMON,CM-43
cu_list,CM-38,TESLIN,YUKON TRANSBOUNDARY,Chum,YUKON CHUM SALMON,CM-38
